Deggendorf, 1, 0, 14999, 0
Regensburg, 1, 0, 13499, 1500
Zwiesel, 1, 0, 11999, 3000
Passau, 1, 0, 10499, 4500
Cairo, 1, 0, 8999, 6000
Alex, 1, 0, 7499, 7500
Munich, 1, 0, 5999, 9000
Stuttgart, 1, 0, 4499, 10500
Magdburg, 1, 0, 2999, 12000
NoName, 1, 0, 1499, 13500
NewName, 0, 0, 0, 15000
Deggendorf, 2, 0, 14998, 0
Regensburg, 2, 0, 13498, 1500
Zwiesel, 2, 0, 11998, 3000
Passau, 2, 0, 10498, 4500
Cairo, 2, 0, 8998, 6000
Alex, 2, 0, 7498, 7500
Munich, 1, 0, 5999, 9000
Stuttgart, 1, 0, 4499, 10500
Magdburg, 1, 0, 2999, 12000
NoName, 1, 0, 1499, 13500
NewName, 0, 0, 0, 15000
Deggendorf, 4, 0, 14996, 0
Regensburg, 3, 0, 13497, 1500
Zwiesel, 4, 0, 11996, 3000
Passau, 4, 0, 10496, 4500
Cairo, 2, 0, 8998, 6000
Alex, 2, 0, 7498, 7500
Munich, 2, 0, 5998, 9000
Stuttgart, 1, 0, 4499, 10500
Magdburg, 1, 0, 2999, 12000
NoName, 1, 0, 1499, 13500
NewName, 0, 0, 0, 15000
Deggendorf, 8, 0, 14992, 0
Regensburg, 6, 0, 13494, 1500
Zwiesel, 6, 0, 11994, 3000
Passau, 6, 0, 10494, 4500
Cairo, 3, 0, 8997, 6000
Alex, 3, 0, 7497, 7500
Munich, 3, 0, 5997, 9000
Stuttgart, 1, 0, 4499, 10500
Magdburg, 1, 0, 2999, 12000
NoName, 1, 0, 1499, 13500
NewName, 0, 0, 0, 15000
Deggendorf, 16, 0, 14984, 0
Regensburg, 11, 0, 13489, 1500
Zwiesel, 11, 0, 11989, 3000
Passau, 9, 0, 10491, 4500
Cairo, 5, 0, 8995, 6000
Alex, 3, 0, 7497, 7500
Munich, 6, 0, 5994, 9000
Stuttgart, 1, 0, 4499, 10500
Magdburg, 1, 0, 2999, 12000
NoName, 1, 0, 1499, 13500
NewName, 0, 0, 0, 15000
Deggendorf, 32, 0, 14968, 0
Regensburg, 20, 0, 13480, 1500
Zwiesel, 21, 0, 11979, 3000
Passau, 16, 0, 10484, 4500
Cairo, 8, 0, 8992, 6000
Alex, 4, 0, 7496, 7500
Munich, 8, 0, 5992, 9000
Stuttgart, 1, 0, 4499, 10500
Magdburg, 2, 0, 2998, 12000
NoName, 2, 0, 1498, 13500
NewName, 0, 0, 0, 15000
Deggendorf, 63, 0, 14937, 0
Regensburg, 38, 0, 13462, 1500
Zwiesel, 36, 0, 11964, 3000
Passau, 27, 0, 10473, 4500
Cairo, 11, 0, 8989, 6000
Alex, 5, 0, 7495, 7500
Munich, 11, 0, 5989, 9000
Stuttgart, 1, 0, 4499, 10500
Magdburg, 2, 0, 2998, 12000
NoName, 2, 0, 1498, 13500
NewName, 0, 0, 0, 15000
Deggendorf, 123, 2, 14875, 0
Regensburg, 70, 2, 13428, 1500
Zwiesel, 66, 2, 11932, 3000
Passau, 43, 2, 10455, 4500
Cairo, 17, 2, 8981, 6000
Alex, 6, 2, 7492, 7500
Munich, 16, 1, 5983, 9000
Stuttgart, 0, 1, 4499, 10500
Magdburg, 1, 1, 2998, 12000
NoName, 1, 1, 1498, 13500
NewName, 0, 0, 0, 15000
Deggendorf, 242, 4, 14754, 0
Regensburg, 132, 3, 13365, 1500
Zwiesel, 119, 4, 11877, 3000
Passau, 65, 4, 10431, 4500
Cairo, 26, 2, 8972, 6000
Alex, 9, 2, 7489, 7500
Munich, 22, 2, 5976, 9000
Stuttgart, 0, 1, 4499, 10500
Magdburg, 1, 1, 2998, 12000
NoName, 1, 1, 1498, 13500
NewName, 0, 0, 0, 15000
Deggendorf, 475, 8, 14517, 0
Regensburg, 245, 6, 13249, 1500
Zwiesel, 209, 6, 11785, 3000
Passau, 99, 6, 10395, 4500
Cairo, 44, 3, 8953, 6000
Alex, 12, 3, 7485, 7500
Munich, 33, 3, 5964, 9000
Stuttgart, 0, 1, 4499, 10500
Magdburg, 1, 1, 2998, 12000
NoName, 1, 1, 1498, 13500
NewName, 0, 0, 0, 15000
Deggendorf, 918, 16, 14066, 0
Regensburg, 453, 11, 13036, 1500
Zwiesel, 364, 11, 11625, 3000
Passau, 161, 9, 10330, 4500
Cairo, 71, 5, 8924, 6000
Alex, 20, 3, 7477, 7500
Munich, 44, 6, 5950, 9000
Stuttgart, 0, 1, 4499, 10500
Magdburg, 1, 1, 2998, 12000
NoName, 1, 1, 1498, 13500
NewName, 0, 0, 0, 15000
Deggendorf, 1725, 32, 13243, 0
Regensburg, 837, 20, 12643, 1500
Zwiesel, 633, 21, 11346, 3000
Passau, 269, 16, 10215, 4500
Cairo, 105, 8, 8887, 6000
Alex, 32, 4, 7464, 7500
Munich, 63, 8, 5929, 9000
Stuttgart, 0, 1, 4499, 10500
Magdburg, 0, 2, 2998, 12000
NoName, 0, 2, 1498, 13500
NewName, 0, 0, 0, 15000
Deggendorf, 3156, 63, 11781, 0
Regensburg, 1507, 38, 11955, 1500
Zwiesel, 1073, 36, 10891, 3000
Passau, 441, 27, 10032, 4500
Cairo, 167, 11, 8822, 6000
Alex, 44, 5, 7451, 7500
Munich, 82, 11, 5907, 9000
Stuttgart, 0, 1, 4499, 10500
Magdburg, 0, 2, 2998, 12000
NoName, 0, 2, 1498, 13500
NewName, 0, 0, 0, 15000
Deggendorf, 5296, 125, 9579, 0
Regensburg, 2614, 72, 10814, 1500
Zwiesel, 1796, 68, 10136, 3000
Passau, 714, 45, 9741, 4500
Cairo, 251, 19, 8730, 6000
Alex, 58, 8, 7434, 7500
Munich, 111, 17, 5872, 9000
Stuttgart, 0, 1, 4499, 10500
Magdburg, 0, 2, 2998, 12000
NoName, 0, 2, 1498, 13500
NewName, 0, 0, 0, 15000
Deggendorf, 7987, 246, 6767, 0
Regensburg, 4293, 135, 9072, 1500
Zwiesel, 2874, 123, 9003, 3000
Passau, 1140, 69, 9291, 4500
Cairo, 382, 28, 8590, 6000
Alex, 82, 11, 7407, 7500
Munich, 159, 24, 5817, 9000
Stuttgart, 0, 1, 4499, 10500
Magdburg, 0, 2, 2998, 12000
NoName, 0, 2, 1498, 13500
NewName, 0, 0, 0, 15000
Deggendorf, 10592, 483, 3925, 0
Regensburg, 6491, 251, 6758, 1500
Zwiesel, 4401, 215, 7384, 3000
Passau, 1800, 105, 8595, 4500
Cairo, 560, 47, 8393, 6000
Alex, 122, 15, 7363, 7500
Munich, 202, 36, 5762, 9000
Stuttgart, 0, 1, 4499, 10500
Magdburg, 0, 2, 2998, 12000
NoName, 0, 2, 1498, 13500
NewName, 0, 0, 0, 15000
Deggendorf, 12123, 934, 1943, 0
Regensburg, 8615, 464, 4421, 1500
Zwiesel, 6127, 375, 5498, 3000
Passau, 2697, 170, 7633, 4500
Cairo, 843, 76, 8081, 6000
Alex, 174, 23, 7303, 7500
Munich, 263, 50, 5687, 9000
Stuttgart, 0, 1, 4499, 10500
Magdburg, 0, 2, 2998, 12000
NoName, 0, 2, 1498, 13500
NewName, 0, 0, 0, 15000
Deggendorf, 12338, 1757, 905, 0
Regensburg, 10180, 857, 2463, 1500
Zwiesel, 7662, 654, 3684, 3000
Passau, 3863, 285, 6352, 4500
Cairo, 1251, 113, 7636, 6000
Alex, 258, 36, 7206, 7500
Munich, 347, 71, 5582, 9000
Stuttgart, 0, 1, 4499, 10500
Magdburg, 0, 2, 2998, 12000
NoName, 0, 2, 1498, 13500
NewName, 0, 0, 0, 15000
Deggendorf, 11387, 3219, 394, 0
Regensburg, 10732, 1545, 1223, 1500
Zwiesel, 8723, 1109, 2168, 3000
Passau, 5145, 468, 4887, 4500
Cairo, 1793, 178, 7029, 6000
Alex, 375, 49, 7076, 7500
Munich, 449, 93, 5458, 9000
Stuttgart, 0, 1, 4499, 10500
Magdburg, 0, 2, 2998, 12000
NoName, 0, 2, 1498, 13500
NewName, 0, 0, 0, 15000
Deggendorf, 9409, 5421, 170, 0
Regensburg, 10211, 2686, 603, 1500
Zwiesel, 8911, 1864, 1225, 3000
Passau, 6253, 759, 3488, 4500
Cairo, 2524, 270, 6206, 6000
Alex, 519, 66, 6915, 7500
Munich, 582, 128, 5290, 9000
Stuttgart, 0, 1, 4499, 10500
Magdburg, 0, 2, 2998, 12000
NoName, 0, 2, 1498, 13500
NewName, 0, 0, 0, 15000
Deggendorf, 6665, 8233, 102, 0
Regensburg, 8763, 4428, 309, 1500
Zwiesel, 8349, 2997, 654, 3000
Passau, 6995, 1209, 2296, 4500
Cairo, 3326, 410, 5264, 6000
Alex, 737, 93, 6670, 7500
Munich, 724, 183, 5093, 9000
Stuttgart, 0, 1, 4499, 10500
Magdburg, 0, 2, 2998, 12000
NoName, 0, 2, 1498, 13500
NewName, 0, 0, 0, 15000
Deggendorf, 3865, 11075, 60, 0
Regensburg, 6587, 6742, 171, 1500
Zwiesel, 6990, 4616, 394, 3000
Passau, 7146, 1905, 1449, 4500
Cairo, 4166, 607, 4227, 6000
Alex, 999, 137, 6364, 7500
Munich, 906, 238, 4856, 9000
Stuttgart, 0, 1, 4499, 10500
Magdburg, 0, 2, 2998, 12000
NoName, 0, 2, 1498, 13500
NewName, 0, 0, 0, 15000
Deggendorf, 1893, 13057, 50, 0
Regensburg, 4324, 9079, 97, 1500
Zwiesel, 5265, 6502, 233, 3000
Passau, 6749, 2867, 884, 4500
Cairo, 4920, 919, 3161, 6000
Alex, 1359, 197, 5944, 7500
Munich, 1125, 313, 4562, 9000
Stuttgart, 0, 1, 4499, 10500
Magdburg, 0, 2, 2998, 12000
NoName, 0, 2, 1498, 13500
NewName, 0, 0, 0, 15000
Deggendorf, 861, 14095, 44, 0
Regensburg, 2398, 11037, 65, 1500
Zwiesel, 3532, 8316, 152, 3000
Passau, 5785, 4148, 567, 4500
Cairo, 5363, 1364, 2273, 6000
Alex, 1768, 294, 5438, 7500
Munich, 1353, 418, 4229, 9000
Stuttgart, 0, 1, 4499, 10500
Magdburg, 0, 2, 2998, 12000
NoName, 0, 2, 1498, 13500
NewName, 0, 0, 0, 15000
Deggendorf, 351, 14606, 43, 0
Regensburg, 1170, 12277, 53, 1500
Zwiesel, 2044, 9832, 124, 3000
Passau, 4520, 5613, 367, 4500
Cairo, 5474, 1971, 1555, 6000
Alex, 2262, 424, 4814, 7500
Munich, 1609, 542, 3849, 9000
Stuttgart, 0, 1, 4499, 10500
Magdburg, 0, 2, 2998, 12000
NoName, 0, 2, 1498, 13500
NewName, 0, 0, 0, 15000
Deggendorf, 128, 14830, 42, 0
Regensburg, 554, 12897, 49, 1500
Zwiesel, 1115, 10775, 110, 3000
Passau, 3221, 7012, 267, 4500
Cairo, 5131, 2794, 1075, 6000
Alex, 2770, 585, 4145, 7500
Munich, 1810, 710, 3480, 9000
Stuttgart, 0, 1, 4499, 10500
Magdburg, 0, 2, 2998, 12000
NoName, 0, 2, 1498, 13500
NewName, 0, 0, 0, 15000
Deggendorf, 61, 14898, 41, 0
Regensburg, 262, 13191, 47, 1500
Zwiesel, 552, 11346, 102, 3000
Passau, 2080, 8204, 216, 4500
Cairo, 4501, 3736, 763, 6000
Alex, 3249, 830, 3421, 7500
Munich, 2018, 907, 3075, 9000
Stuttgart, 0, 1, 4499, 10500
Magdburg, 0, 2, 2998, 12000
NoName, 0, 2, 1498, 13500
NewName, 0, 0, 0, 15000
Deggendorf, 19, 14940, 41, 0
Regensburg, 126, 13329, 45, 1500
Zwiesel, 296, 11606, 98, 3000
Passau, 1261, 9051, 188, 4500
Cairo, 3660, 4773, 567, 6000
Alex, 3605, 1136, 2759, 7500
Munich, 2136, 1144, 2720, 9000
Stuttgart, 0, 1, 4499, 10500
Magdburg, 0, 2, 2998, 12000
NoName, 0, 2, 1498, 13500
NewName, 0, 0, 0, 15000
Deggendorf, 9, 14950, 41, 0
Regensburg, 52, 13403, 45, 1500
Zwiesel, 135, 11767, 98, 3000
Passau, 712, 9616, 172, 4500
Cairo, 2721, 5839, 440, 6000
Alex, 3790, 1556, 2154, 7500
Munich, 2205, 1438, 2357, 9000
Stuttgart, 0, 1, 4499, 10500
Magdburg, 0, 2, 2998, 12000
NoName, 0, 2, 1498, 13500
NewName, 0, 0, 0, 15000
Deggendorf, 3, 14956, 41, 0
Regensburg, 21, 13435, 44, 1500
Zwiesel, 54, 11848, 98, 3000
Passau, 404, 9933, 163, 4500
Cairo, 1911, 6727, 362, 6000
Alex, 3761, 2062, 1677, 7500
Munich, 2179, 1771, 2050, 9000
Stuttgart, 0, 1, 4499, 10500
Magdburg, 0, 2, 2998, 12000
NoName, 0, 2, 1498, 13500
NewName, 0, 0, 0, 15000
Deggendorf, 2, 14957, 41, 0
Regensburg, 9, 13447, 44, 1500
Zwiesel, 26, 11876, 98, 3000
Passau, 208, 10133, 159, 4500
Cairo, 1229, 7445, 326, 6000
Alex, 3522, 2686, 1292, 7500
Munich, 2068, 2151, 1781, 9000
Stuttgart, 0, 1, 4499, 10500
Magdburg, 0, 2, 2998, 12000
NoName, 0, 2, 1498, 13500
NewName, 0, 0, 0, 15000
Deggendorf, 1, 14958, 41, 0
Regensburg, 5, 13451, 44, 1500
Zwiesel, 12, 11890, 98, 3000
Passau, 111, 10233, 156, 4500
Cairo, 779, 7925, 296, 6000
Alex, 3122, 3355, 1023, 7500
Munich, 1918, 2520, 1562, 9000
Stuttgart, 0, 1, 4499, 10500
Magdburg, 0, 2, 2998, 12000
NoName, 0, 2, 1498, 13500
NewName, 0, 0, 0, 15000
Deggendorf, 0, 14959, 41, 0
Regensburg, 3, 13453, 44, 1500
Zwiesel, 4, 11898, 98, 3000
Passau, 62, 10284, 154, 4500
Cairo, 481, 8237, 282, 6000
Alex, 2572, 4079, 849, 7500
Munich, 1701, 2925, 1374, 9000
Stuttgart, 0, 1, 4499, 10500
Magdburg, 0, 2, 2998, 12000
NoName, 0, 2, 1498, 13500
NewName, 0, 0, 0, 15000
Deggendorf, 0, 14959, 41, 0
Regensburg, 1, 13455, 44, 1500
Zwiesel, 0, 11902, 98, 3000
Passau, 35, 10312, 153, 4500
Cairo, 290, 8433, 277, 6000
Alex, 2033, 4741, 726, 7500
Munich, 1488, 3280, 1232, 9000
Stuttgart, 0, 1, 4499, 10500
Magdburg, 0, 2, 2998, 12000
NoName, 0, 2, 1498, 13500
NewName, 0, 0, 0, 15000
Deggendorf, 0, 14959, 41, 0
Regensburg, 1, 13455, 44, 1500
Zwiesel, 0, 11902, 98, 3000
Passau, 19, 10328, 153, 4500
Cairo, 167, 8560, 273, 6000
Alex, 1496, 5346, 658, 7500
Munich, 1230, 3643, 1127, 9000
Stuttgart, 0, 1, 4499, 10500
Magdburg, 0, 2, 2998, 12000
NoName, 0, 2, 1498, 13500
NewName, 0, 0, 0, 15000
Deggendorf, 0, 14959, 41, 0
Regensburg, 0, 13456, 44, 1500
Zwiesel, 0, 11902, 98, 3000
Passau, 10, 10337, 153, 4500
Cairo, 90, 8638, 272, 6000
Alex, 1081, 5823, 596, 7500
Munich, 994, 3950, 1056, 9000
Stuttgart, 0, 1, 4499, 10500
Magdburg, 0, 2, 2998, 12000
NoName, 0, 2, 1498, 13500
NewName, 0, 0, 0, 15000
Deggendorf, 0, 14959, 41, 0
Regensburg, 0, 13456, 44, 1500
Zwiesel, 0, 11902, 98, 3000
Passau, 6, 10341, 153, 4500
Cairo, 56, 8674, 270, 6000
Alex, 737, 6208, 555, 7500
Munich, 797, 4219, 984, 9000
Stuttgart, 0, 1, 4499, 10500
Magdburg, 0, 2, 2998, 12000
NoName, 0, 2, 1498, 13500
NewName, 0, 0, 0, 15000
Deggendorf, 0, 14959, 41, 0
Regensburg, 0, 13456, 44, 1500
Zwiesel, 0, 11902, 98, 3000
Passau, 3, 10344, 153, 4500
Cairo, 28, 8704, 268, 6000
Alex, 493, 6477, 530, 7500
Munich, 619, 4438, 943, 9000
Stuttgart, 0, 1, 4499, 10500
Magdburg, 0, 2, 2998, 12000
NoName, 0, 2, 1498, 13500
NewName, 0, 0, 0, 15000
Deggendorf, 0, 14959, 41, 0
Regensburg, 0, 13456, 44, 1500
Zwiesel, 0, 11902, 98, 3000
Passau, 1, 10346, 153, 4500
Cairo, 14, 8718, 268, 6000
Alex, 340, 6651, 509, 7500
Munich, 467, 4626, 907, 9000
Stuttgart, 0, 1, 4499, 10500
Magdburg, 0, 2, 2998, 12000
NoName, 0, 2, 1498, 13500
NewName, 0, 0, 0, 15000
Deggendorf, 0, 14959, 41, 0
Regensburg, 0, 13456, 44, 1500
Zwiesel, 0, 11902, 98, 3000
Passau, 0, 10347, 153, 4500
Cairo, 10, 8723, 267, 6000
Alex, 227, 6774, 499, 7500
Munich, 352, 4768, 880, 9000
Stuttgart, 0, 1, 4499, 10500
Magdburg, 0, 2, 2998, 12000
NoName, 0, 2, 1498, 13500
NewName, 0, 0, 0, 15000
Deggendorf, 0, 14959, 41, 0
Regensburg, 0, 13456, 44, 1500
Zwiesel, 0, 11902, 98, 3000
Passau, 0, 10347, 153, 4500
Cairo, 6, 8727, 267, 6000
Alex, 167, 6842, 491, 7500
Munich, 264, 4873, 863, 9000
Stuttgart, 0, 1, 4499, 10500
Magdburg, 0, 2, 2998, 12000
NoName, 0, 2, 1498, 13500
NewName, 0, 0, 0, 15000
Deggendorf, 0, 14959, 41, 0
Regensburg, 0, 13456, 44, 1500
Zwiesel, 0, 11902, 98, 3000
Passau, 0, 10347, 153, 4500
Cairo, 5, 8728, 267, 6000
Alex, 114, 6904, 482, 7500
Munich, 210, 4944, 846, 9000
Stuttgart, 0, 1, 4499, 10500
Magdburg, 0, 2, 2998, 12000
NoName, 0, 2, 1498, 13500
NewName, 0, 0, 0, 15000
Deggendorf, 0, 14959, 41, 0
Regensburg, 0, 13456, 44, 1500
Zwiesel, 0, 11902, 98, 3000
Passau, 0, 10347, 153, 4500
Cairo, 3, 8730, 267, 6000
Alex, 78, 6945, 477, 7500
Munich, 157, 5016, 827, 9000
Stuttgart, 0, 1, 4499, 10500
Magdburg, 0, 2, 2998, 12000
NoName, 0, 2, 1498, 13500
NewName, 0, 0, 0, 15000
Deggendorf, 0, 14959, 41, 0
Regensburg, 0, 13456, 44, 1500
Zwiesel, 0, 11902, 98, 3000
Passau, 0, 10347, 153, 4500
Cairo, 1, 8732, 267, 6000
Alex, 54, 6970, 476, 7500
Munich, 121, 5057, 822, 9000
Stuttgart, 0, 1, 4499, 10500
Magdburg, 0, 2, 2998, 12000
NoName, 0, 2, 1498, 13500
NewName, 0, 0, 0, 15000
Deggendorf, 0, 14959, 41, 0
Regensburg, 0, 13456, 44, 1500
Zwiesel, 0, 11902, 98, 3000
Passau, 0, 10347, 153, 4500
Cairo, 1, 8732, 267, 6000
Alex, 33, 6991, 476, 7500
Munich, 92, 5093, 815, 9000
Stuttgart, 0, 1, 4499, 10500
Magdburg, 0, 2, 2998, 12000
NoName, 0, 2, 1498, 13500
NewName, 0, 0, 0, 15000
Deggendorf, 0, 14959, 41, 0
Regensburg, 0, 13456, 44, 1500
Zwiesel, 0, 11902, 98, 3000
Passau, 0, 10347, 153, 4500
Cairo, 0, 8733, 267, 6000
Alex, 26, 7001, 473, 7500
Munich, 71, 5120, 809, 9000
Stuttgart, 0, 1, 4499, 10500
Magdburg, 0, 2, 2998, 12000
NoName, 0, 2, 1498, 13500
NewName, 0, 0, 0, 15000
Deggendorf, 0, 14959, 41, 0
Regensburg, 0, 13456, 44, 1500
Zwiesel, 0, 11902, 98, 3000
Passau, 0, 10347, 153, 4500
Cairo, 0, 8733, 267, 6000
Alex, 19, 7009, 472, 7500
Munich, 61, 5137, 802, 9000
Stuttgart, 0, 1, 4499, 10500
Magdburg, 0, 2, 2998, 12000
NoName, 0, 2, 1498, 13500
NewName, 0, 0, 0, 15000
Deggendorf, 0, 14959, 41, 0
Regensburg, 0, 13456, 44, 1500
Zwiesel, 0, 11902, 98, 3000
Passau, 0, 10347, 153, 4500
Cairo, 0, 8733, 267, 6000
Alex, 10, 7018, 472, 7500
Munich, 47, 5154, 799, 9000
Stuttgart, 0, 1, 4499, 10500
Magdburg, 0, 2, 2998, 12000
NoName, 0, 2, 1498, 13500
NewName, 0, 0, 0, 15000
Deggendorf, 0, 14959, 41, 0
Regensburg, 0, 13456, 44, 1500
Zwiesel, 0, 11902, 98, 3000
Passau, 0, 10347, 153, 4500
Cairo, 0, 8733, 267, 6000
Alex, 6, 7023, 471, 7500
Munich, 31, 5173, 796, 9000
Stuttgart, 0, 1, 4499, 10500
Magdburg, 0, 2, 2998, 12000
NoName, 0, 2, 1498, 13500
NewName, 0, 0, 0, 15000
Deggendorf, 0, 14959, 41, 0
Regensburg, 0, 13456, 44, 1500
Zwiesel, 0, 11902, 98, 3000
Passau, 0, 10347, 153, 4500
Cairo, 0, 8733, 267, 6000
Alex, 5, 7024, 471, 7500
Munich, 26, 5178, 796, 9000
Stuttgart, 0, 1, 4499, 10500
Magdburg, 0, 2, 2998, 12000
NoName, 0, 2, 1498, 13500
NewName, 0, 0, 0, 15000
Deggendorf, 0, 14959, 41, 0
Regensburg, 0, 13456, 44, 1500
Zwiesel, 0, 11902, 98, 3000
Passau, 0, 10347, 153, 4500
Cairo, 0, 8733, 267, 6000
Alex, 6, 7024, 470, 7500
Munich, 20, 5185, 795, 9000
Stuttgart, 0, 1, 4499, 10500
Magdburg, 0, 2, 2998, 12000
NoName, 0, 2, 1498, 13500
NewName, 0, 0, 0, 15000
Deggendorf, 0, 14959, 41, 0
Regensburg, 0, 13456, 44, 1500
Zwiesel, 0, 11902, 98, 3000
Passau, 0, 10347, 153, 4500
Cairo, 0, 8733, 267, 6000
Alex, 3, 7027, 470, 7500
Munich, 14, 5191, 795, 9000
Stuttgart, 0, 1, 4499, 10500
Magdburg, 0, 2, 2998, 12000
NoName, 0, 2, 1498, 13500
NewName, 0, 0, 0, 15000
Deggendorf, 0, 14959, 41, 0
Regensburg, 0, 13456, 44, 1500
Zwiesel, 0, 11902, 98, 3000
Passau, 0, 10347, 153, 4500
Cairo, 0, 8733, 267, 6000
Alex, 2, 7028, 470, 7500
Munich, 8, 5198, 794, 9000
Stuttgart, 0, 1, 4499, 10500
Magdburg, 0, 2, 2998, 12000
NoName, 0, 2, 1498, 13500
NewName, 0, 0, 0, 15000
Deggendorf, 0, 14959, 41, 0
Regensburg, 0, 13456, 44, 1500
Zwiesel, 0, 11902, 98, 3000
Passau, 0, 10347, 153, 4500
Cairo, 0, 8733, 267, 6000
Alex, 2, 7028, 470, 7500
Munich, 5, 5201, 794, 9000
Stuttgart, 0, 1, 4499, 10500
Magdburg, 0, 2, 2998, 12000
NoName, 0, 2, 1498, 13500
NewName, 0, 0, 0, 15000
Deggendorf, 0, 14959, 41, 0
Regensburg, 0, 13456, 44, 1500
Zwiesel, 0, 11902, 98, 3000
Passau, 0, 10347, 153, 4500
Cairo, 0, 8733, 267, 6000
Alex, 1, 7029, 470, 7500
Munich, 3, 5204, 793, 9000
Stuttgart, 0, 1, 4499, 10500
Magdburg, 0, 2, 2998, 12000
NoName, 0, 2, 1498, 13500
NewName, 0, 0, 0, 15000
Deggendorf, 0, 14959, 41, 0
Regensburg, 0, 13456, 44, 1500
Zwiesel, 0, 11902, 98, 3000
Passau, 0, 10347, 153, 4500
Cairo, 0, 8733, 267, 6000
Alex, 1, 7029, 470, 7500
Munich, 3, 5204, 793, 9000
Stuttgart, 0, 1, 4499, 10500
Magdburg, 0, 2, 2998, 12000
NoName, 0, 2, 1498, 13500
NewName, 0, 0, 0, 15000
Deggendorf, 0, 14959, 41, 0
Regensburg, 0, 13456, 44, 1500
Zwiesel, 0, 11902, 98, 3000
Passau, 0, 10347, 153, 4500
Cairo, 0, 8733, 267, 6000
Alex, 0, 7030, 470, 7500
Munich, 2, 5205, 793, 9000
Stuttgart, 0, 1, 4499, 10500
Magdburg, 0, 2, 2998, 12000
NoName, 0, 2, 1498, 13500
NewName, 0, 0, 0, 15000
Deggendorf, 0, 14959, 41, 0
Regensburg, 0, 13456, 44, 1500
Zwiesel, 0, 11902, 98, 3000
Passau, 0, 10347, 153, 4500
Cairo, 0, 8733, 267, 6000
Alex, 0, 7030, 470, 7500
Munich, 2, 5205, 793, 9000
Stuttgart, 0, 1, 4499, 10500
Magdburg, 0, 2, 2998, 12000
NoName, 0, 2, 1498, 13500
NewName, 0, 0, 0, 15000
Deggendorf, 0, 14959, 41, 0
Regensburg, 0, 13456, 44, 1500
Zwiesel, 0, 11902, 98, 3000
Passau, 0, 10347, 153, 4500
Cairo, 0, 8733, 267, 6000
Alex, 0, 7030, 470, 7500
Munich, 2, 5206, 792, 9000
Stuttgart, 0, 1, 4499, 10500
Magdburg, 0, 2, 2998, 12000
NoName, 0, 2, 1498, 13500
NewName, 0, 0, 0, 15000
Deggendorf, 0, 14959, 41, 0
Regensburg, 0, 13456, 44, 1500
Zwiesel, 0, 11902, 98, 3000
Passau, 0, 10347, 153, 4500
Cairo, 0, 8733, 267, 6000
Alex, 0, 7030, 470, 7500
Munich, 2, 5206, 792, 9000
Stuttgart, 0, 1, 4499, 10500
Magdburg, 0, 2, 2998, 12000
NoName, 0, 2, 1498, 13500
NewName, 0, 0, 0, 15000
Deggendorf, 0, 14959, 41, 0
Regensburg, 0, 13456, 44, 1500
Zwiesel, 0, 11902, 98, 3000
Passau, 0, 10347, 153, 4500
Cairo, 0, 8733, 267, 6000
Alex, 0, 7030, 470, 7500
Munich, 1, 5207, 792, 9000
Stuttgart, 0, 1, 4499, 10500
Magdburg, 0, 2, 2998, 12000
NoName, 0, 2, 1498, 13500
NewName, 0, 0, 0, 15000
Deggendorf, 0, 14959, 41, 0
Regensburg, 0, 13456, 44, 1500
Zwiesel, 0, 11902, 98, 3000
Passau, 0, 10347, 153, 4500
Cairo, 0, 8733, 267, 6000
Alex, 0, 7030, 470, 7500
Munich, 1, 5207, 792, 9000
Stuttgart, 0, 1, 4499, 10500
Magdburg, 0, 2, 2998, 12000
NoName, 0, 2, 1498, 13500
NewName, 0, 0, 0, 15000
Deggendorf, 0, 14959, 41, 0
Regensburg, 0, 13456, 44, 1500
Zwiesel, 0, 11902, 98, 3000
Passau, 0, 10347, 153, 4500
Cairo, 0, 8733, 267, 6000
Alex, 0, 7030, 470, 7500
Munich, 1, 5207, 792, 9000
Stuttgart, 0, 1, 4499, 10500
Magdburg, 0, 2, 2998, 12000
NoName, 0, 2, 1498, 13500
NewName, 0, 0, 0, 15000
Deggendorf, 0, 14959, 41, 0
Regensburg, 0, 13456, 44, 1500
Zwiesel, 0, 11902, 98, 3000
Passau, 0, 10347, 153, 4500
Cairo, 0, 8733, 267, 6000
Alex, 0, 7030, 470, 7500
Munich, 1, 5207, 792, 9000
Stuttgart, 0, 1, 4499, 10500
Magdburg, 0, 2, 2998, 12000
NoName, 0, 2, 1498, 13500
NewName, 0, 0, 0, 15000
Deggendorf, 0, 14959, 41, 0
Regensburg, 0, 13456, 44, 1500
Zwiesel, 0, 11902, 98, 3000
Passau, 0, 10347, 153, 4500
Cairo, 0, 8733, 267, 6000
Alex, 0, 7030, 470, 7500
Munich, 0, 5208, 792, 9000
Stuttgart, 0, 1, 4499, 10500
Magdburg, 0, 2, 2998, 12000
NoName, 0, 2, 1498, 13500
NewName, 0, 0, 0, 15000
